,tourney_id,tourney_name,surface,draw_size,tourney_level,tourney_date,match_num,winner_id,winner_seed,winner_entry,winner_name,winner_hand,winner_ht,winner_ioc,winner_age,loser_id,loser_seed,loser_entry,loser_name,loser_hand,loser_ht,loser_ioc,loser_age,score,best_of,round,minutes,w_ace,w_df,w_svpt,w_1stIn,w_1stWon,w_2ndWon,w_SvGms,w_bpSaved,w_bpFaced,l_ace,l_df,l_svpt,l_1stIn,l_1stWon,l_2ndWon,l_SvGms,l_bpSaved,l_bpFaced,winner_rank,winner_rank_points,loser_rank,loser_rank_points
2381,2000-540,Wimbledon,Grass,128,G,20000626,125,101948,1,,Pete Sampras,R,185,USA,28.8,103166,,Q,Vladimir Voltchkov,R,180,BLR,22.2,7-6(4) 6-2 6-4,5,SF,99,12,6,76,44,41,23,15,0,0,9,6,95,58,42,19,15,4,7,3,3261,237,140
2382,2000-540,Wimbledon,Grass,128,G,20000626,126,102158,12,,Patrick Rafter,R,185,AUS,27.4,101736,2,,Andre Agassi,R,180,USA,30.1,7-5 4-6 7-5 4-6 6-3,5,SF,198,14,7,167,103,71,38,27,5,9,6,7,152,96,67,32,26,7,12,21,1165,1,4375
2383,2000-540,Wimbledon,Grass,128,G,20000626,127,101948,1,,Pete Sampras,R,185,USA,28.8,102158,12,,Patrick Rafter,R,185,AUS,27.4,6-7(10) 7-6(5) 6-4 6-2,5,F,178,24,12,132,84,74,27,21,2,2,10,7,167,97,73,34,21,11,14,3,3261,21,1165
2412,2001-540,Wimbledon,Grass,128,G,20010625,125,101964,,WC,Goran Ivanisevic,L,193,CRO,29.7,102450,6,,Tim Henman,R,185,GBR,26.8,7-5 6-7(6) 0-6 7-6(5) 6-3,5,SF,182,35,12,172,107,86,29,26,6,9,7,7,154,97,75,36,25,4,6,125,321,11,1995
2413,2001-540,Wimbledon,Grass,128,G,20010625,126,102158,3,,Patrick Rafter,R,185,AUS,28.4,101736,2,,Andre Agassi,R,180,USA,31.1,2-6 6-3 3-6 6-2 8-6,5,SF,180,30,9,161,98,74,29,24,11,15,6,1,132,85,55,32,24,4,9,10,2120,2,3795
2414,2001-540,Wimbledon,Grass,128,G,20010625,127,101964,,WC,Goran Ivanisevic,L,193,CRO,29.7,102158,3,,Patrick Rafter,R,185,AUS,28.4,6-3 3-6 6-3 2-6 9-7,5,F,182,27,15,164,91,74,37,26,3,6,13,4,139,88,68,29,25,3,6,125,321,10,2120
2334,2002-540,Wimbledon,Grass,128,G,20020624,125,103720,1,,Lleyton Hewitt,R,180,AUS,21.3,102450,4,,Tim Henman,R,185,GBR,27.7,7-5 6-1 7-5,5,SF,139,4,2,90,49,36,27,16,3,5,2,1,93,60,40,12,15,9,15,1,4260,5,2605
2335,2002-540,Wimbledon,Grass,128,G,20020624,126,103900,28,,David Nalbandian,R,180,ARG,20.4,103598,27,,Xavier Malisse,R,185,BEL,21.9,7-6(2) 6-4 1-6 2-6 6-2,5,SF,198,1,2,144,85,56,32,22,11,17,25,7,168,84,59,35,23,13,18,32,1084,35,985
2336,2002-540,Wimbledon,Grass,128,G,20020624,127,103720,1,,Lleyton Hewitt,R,180,AUS,21.3,103900,28,,David Nalbandian,R,180,ARG,20.4,6-1 6-3 6-2,5,F,116,5,2,79,42,33,18,12,8,10,2,7,89,51,27,12,12,12,20,1,4260,32,1084
2341,2003-540,Wimbledon,Grass,128,G,20030623,125,103819,4,,Roger Federer,R,185,SUI,21.8,104053,5,,Andy Roddick,R,188,USA,20.8,7-6(6) 6-3 6-3,5,SF,103,17,0,84,51,42,25,15,2,2,4,0,99,57,42,21,15,5,8,5,2580,6,2390
2342,2003-540,Wimbledon,Grass,128,G,20030623,126,102882,,,Mark Philippoussis,R,196,AUS,26.6,103206,13,,Sebastien Grosjean,R,175,FRA,25,7-6(3) 6-3 6-3,5,SF,116,11,3,85,47,42,24,15,2,2,5,3,89,47,35,24,15,5,8,48,735,14,1500
2343,2003-540,Wimbledon,Grass,128,G,20030623,127,103819,4,,Roger Federer,R,185,SUI,21.8,102882,,,Mark Philippoussis,R,196,AUS,26.6,7-6(5) 6-2 7-6(3),5,F,116,21,2,93,53,47,27,16,0,0,14,4,102,70,54,14,16,3,5,5,2580,48,735
2326,2004-540,Wimbledon,Grass,128,G,20040621,125,103819,1,,Roger Federer,R,185,SUI,22.8,103206,10,,Sebastien Grosjean,R,175,FRA,26,6-2 6-3 7-6(6),5,SF,120,6,3,91,54,41,20,14,1,2,2,2,106,62,39,17,15,6,11,1,5610,13,1665
2327,2004-540,Wimbledon,Grass,128,G,20040621,126,104053,2,,Andy Roddick,R,188,USA,21.8,104339,,,Mario Ancic,R,196,CRO,20.2,6-4 4-6 7-5 7-5,5,SF,171,11,8,145,79,63,33,22,9,11,12,6,140,85,62,28,22,8,12,2,4695,63,626
2328,2004-540,Wimbledon,Grass,128,G,20040621,127,103819,1,,Roger Federer,R,185,SUI,22.8,104053,2,,Andy Roddick,R,188,USA,21.8,4-6 7-5 7-6(3) 6-4,5,F,151,12,3,154,95,64,34,22,10,14,11,5,133,81,60,21,22,5,10,1,5610,2,4695
2358,2005-540,Wimbledon,Grass,128,G,20050620,125,103819,1,,Roger Federer,R,185,SUI,23.8,103720,3,,Lleyton Hewitt,R,180,AUS,24.3,6-3 6-4 7-6(4),5,SF,128,10,3,94,49,42,26,16,0,1,5,4,102,47,35,31,15,5,8,1,6980,2,3640
2359,2005-540,Wimbledon,Grass,128,G,20050620,126,104053,2,,Andy Roddick,R,188,USA,22.8,102563,12,,Thomas Johansson,R,180,SWE,30.2,6-7(6) 6-2 7-6(10) 7-6(5),5,SF,179,19,0,143,107,84,26,22,3,4,19,2,155,89,69,35,22,2,5,4,3590,22,1313
2360,2005-540,Wimbledon,Grass,128,G,20050620,127,103819,1,,Roger Federer,R,185,SUI,23.8,104053,2,,Andy Roddick,R,188,USA,22.8,6-2 7-6(2) 6-4,5,F,101,12,0,79,49,40,22,15,1,2,7,1,96,68,46,11,15,5,9,1,6980,4,3590
2389,2006-540,Wimbledon,Grass,128,G,20060626,125,103819,1,,Roger Federer,R,185,SUI,24.8,102035,,,Jonas Bjorkman,R,183,SWE,34.2,6-2 6-0 6-2,5,SF,77,9,0,59,43,36,10,11,0,0,3,2,64,39,20,10,11,2,9,1,7260,59,638
2390,2006-540,Wimbledon,Grass,128,G,20060626,126,104745,2,,Rafael Nadal,L,185,ESP,20,104571,18,,Marcos Baghdatis,R,183,CYP,21,6-1 7-5 6-3,5,SF,147,4,0,103,75,52,16,14,9,9,3,2,89,49,32,19,14,6,11,2,4545,16,1494
2391,2006-540,Wimbledon,Grass,128,G,20060626,127,103819,1,,Roger Federer,R,185,SUI,24.8,104745,2,,Rafael Nadal,L,185,ESP,20,6-0 7-6(5) 6-7(2) 6-3,5,F,178,13,1,119,83,64,20,20,1,3,9,3,127,94,64,14,19,4,10,1,7260,2,4545
2287,2007-540,Wimbledon,Grass,128,G,20070625,125,103819,1,,Roger Federer,R,185,SUI,25.8,104755,12,,Richard Gasquet,R,185,FRA,21,7-5 6-3 6-4,5,SF,104,20,0,90,64,50,17,16,3,3,4,1,89,56,37,20,15,1,4,1,7290,14,1775
2288,2007-540,Wimbledon,Grass,128,G,20070625,126,104745,2,,Rafael Nadal,L,185,ESP,21,104925,4,,Novak Djokovic,R,188,SRB,20,3-6 6-1 4-1 RET,5,SF,101,4,0,55,32,25,13,10,1,2,7,2,77,50,33,11,11,6,10,2,5225,5,3010
2289,2007-540,Wimbledon,Grass,128,G,20070625,127,103819,1,,Roger Federer,R,185,SUI,25.8,104745,2,,Rafael Nadal,L,185,ESP,21,7-6(7) 4-6 7-6(3) 2-6 6-2,5,F,225,24,3,156,111,79,28,25,7,11,1,2,167,118,81,28,25,5,8,1,7290,2,5225
2181,2008-540,Wimbledon,Grass,128,G,20080623,125,103819,1,,Roger Federer,R,185,SUI,26.8,103498,,,Marat Safin,R,193,RUS,28.4,6-3 7-6(3) 6-4,5,SF,103,15,0,90,60,46,24,16,2,2,13,0,93,62,46,17,15,3,5,1,6900,75,530
2182,2008-540,Wimbledon,Grass,128,G,20080623,126,104745,2,,Rafael Nadal,L,185,ESP,22,102783,,,Rainer Schuettler,R,180,GER,32.1,6-1 7-6(3) 6-4,5,SF,122,6,1,75,60,49,10,14,1,2,3,0,89,60,39,13,15,7,12,2,5755,94,472
2183,2008-540,Wimbledon,Grass,128,G,20080623,127,104745,2,,Rafael Nadal,L,185,ESP,22,103819,1,,Roger Federer,R,185,SUI,26.8,6-4 6-4 6-7(5) 6-7(8) 9-7,5,F,288,6,3,218,160,111,34,30,12,13,25,2,195,127,92,39,30,9,13,2,5755,1,6900
2184,2009-540,Wimbledon,Grass,128,G,20090622,125,104053,6,,Andy Roddick,R,188,USA,26.8,104918,3,,Andy Murray,R,190,GBR,22.1,6-4 4-6 7-6(7) 7-6(5),5,SF,187,21,1,137,102,79,18,22,5,7,25,5,146,75,62,38,22,3,5,6,4310,3,9230
2185,2009-540,Wimbledon,Grass,128,G,20090622,126,103819,2,,Roger Federer,R,185,SUI,27.8,103163,24,,Tommy Haas,R,188,GER,31.2,7-6(3) 7-5 6-3,5,SF,123,11,1,83,62,55,17,17,0,0,11,5,110,72,53,17,16,6,8,2,10620,34,1405
2186,2009-540,Wimbledon,Grass,128,G,20090622,127,103819,2,,Roger Federer,R,185,SUI,27.8,104053,6,,Andy Roddick,R,188,USA,26.8,5-7 7-6(6) 7-6(5) 3-6 16-14,5,F,256,50,4,197,127,113,42,37,3,5,27,4,239,169,140,31,38,6,7,2,10620,6,4310
1795,2010-540,Wimbledon,Grass,128,G,20100621,125,104607,12,,Tomas Berdych,R,196,CZE,24.7,104925,3,,Novak Djokovic,R,188,SRB,23,6-3 7-6(9) 6-3,5,SF,138,11,2,102,58,47,28,16,3,4,9,8,88,64,47,10,14,4,7,13,2825,3,6545
1796,2010-540,Wimbledon,Grass,128,G,20100621,126,104745,2,,Rafael Nadal,L,185,ESP,24,104918,4,,Andy Murray,R,190,GBR,23.1,6-4 7-6(6) 6-4,5,SF,142,4,2,97,68,53,17,16,2,3,15,2,92,55,43,21,16,1,4,1,8745,4,5155
1797,2010-540,Wimbledon,Grass,128,G,20100621,127,104745,2,,Rafael Nadal,L,185,ESP,24,104607,12,,Tomas Berdych,R,196,CZE,24.7,6-3 7-5 6-4,5,F,133,5,3,90,62,48,18,15,4,4,13,0,81,48,35,19,16,2,6,1,8745,13,2825
1766,2011-540,Wimbledon,Grass,128,G,20110620,125,104745,1,,Rafael Nadal,L,185,ESP,25,104918,4,,Andy Murray,R,191,GBR,24,5-7 6-2 6-2 6-4,5,SF,179,6,1,103,70,57,19,19,3,4,15,5,113,66,48,23,19,3,8,1,12070,4,6855
1767,2011-540,Wimbledon,Grass,128,G,20110620,126,104925,2,,Novak Djokovic,R,188,SRB,24,104542,12,,Jo-Wilfried Tsonga,R,188,FRA,26.1,7-6(4) 6-2 6-7(9) 6-3,5,SF,187,5,1,120,79,61,28,21,2,5,12,5,133,90,61,20,20,6,12,2,12005,19,1585
1768,2011-540,Wimbledon,Grass,128,G,20110620,127,104925,2,,Novak Djokovic,R,188,SRB,24,104745,1,,Rafael Nadal,L,185,ESP,25,6-4 6-1 1-6 6-3,5,F,148,7,1,95,69,50,14,17,3,6,5,1,82,64,43,8,16,1,6,2,12005,1,12070
1877,2012-540,Wimbledon,Grass,128,G,20120625,125,103819,3,,Roger Federer,R,185,SUI,30.8,104925,1,,Novak Djokovic,R,188,SRB,25,6-3 3-6 6-4 6-3,5,SF,139,12,0,101,65,49,26,19,2,3,9,2,115,73,52,24,18,8,11,3,9435,1,12280
1878,2012-540,Wimbledon,Grass,128,G,20120625,126,104918,4,,Andy Murray,R,191,GBR,25.1,104542,5,,Jo-Wilfried Tsonga,R,188,FRA,27.1,6-3 6-4 3-6 7-5,5,SF,167,9,2,111,67,50,28,20,6,8,11,2,135,85,64,16,20,8,12,4,6980,6,5230
1879,2012-540,Wimbledon,Grass,128,G,20120625,127,103819,3,,Roger Federer,R,185,SUI,30.8,104918,4,,Andy Murray,R,191,GBR,25.1,4-6 7-5 6-3 6-4,5,F,204,12,3,131,90,68,20,21,5,7,16,1,157,88,61,33,20,8,12,3,9435,4,6980
1830,2013-540,Wimbledon,Grass,128,G,20130624,125,104925,1,,Novak Djokovic,R,188,SRB,26,105223,8,,Juan Martin del Potro,R,198,ARG,24.7,7-5 4-6 7-6(2) 6-7(6) 6-3,5,SF,283,22,2,177,123,102,21,28,5,7,4,4,191,114,82,42,27,12,15,1,11830,8,3960
1831,2013-540,Wimbledon,Grass,128,G,20130624,126,104918,2,,Andy Murray,R,191,GBR,26.1,105668,24,,Jerzy Janowicz,R,203,POL,22.6,6-7(2) 6-4 6-4 6-3,5,SF,172,20,1,113,79,60,24,20,6,7,9,11,130,72,54,27,21,8,13,2,8560,22,1549
1832,2013-540,Wimbledon,Grass,128,G,20130624,127,104918,2,,Andy Murray,R,191,GBR,26.1,104925,1,,Novak Djokovic,R,188,SRB,26,6-4 7-5 6-4,5,F,189,9,2,105,67,48,16,16,9,13,4,4,105,68,40,15,16,10,17,2,8560,1,11830
1821,2014-540,Wimbledon,Grass,128,G,20140623,125,104925,1,,Novak Djokovic,R,188,SRB,27,105777,11,,Grigor Dimitrov,R,191,BUL,23.1,6-4 3-6 7-6(2) 7-6(7),5,SF,182,17,2,145,102,74,24,21,8,11,15,8,131,82,67,22,22,3,6,2,12330,13,2595
1822,2014-540,Wimbledon,Grass,128,G,20140623,126,103819,4,,Roger Federer,R,185,SUI,32.8,105683,8,,Milos Raonic,R,196,CAN,23.4,6-4 6-4 6-4,5,SF,101,6,1,80,52,42,19,15,1,1,17,4,84,46,37,19,15,4,7,4,4945,9,3245
1823,2014-540,Wimbledon,Grass,128,G,20140623,127,104925,1,,Novak Djokovic,R,188,SRB,27,103819,4,,Roger Federer,R,185,SUI,32.8,6-7(7) 6-4 7-6(4) 5-7 6-4,5,F,236,13,3,174,108,79,43,28,4,7,29,5,192,133,102,26,28,11,15,2,12330,4,4945
1773,2015-540,Wimbledon,Grass,128,G,20150629,125,104925,1,,Novak Djokovic,R,188,SRB,28.1,104755,21,,Richard Gasquet,R,183,FRA,29,7-6(2) 6-4 6-4,5,SF,141,12,2,98,74,58,11,16,3,4,6,6,113,58,38,30,16,5,8,1,13845,20,1610
1774,2015-540,Wimbledon,Grass,128,G,20150629,126,103819,2,,Roger Federer,R,185,SUI,33.8,104918,3,,Andy Murray,R,191,GBR,28.1,7-5 7-5 6-4,5,SF,127,20,1,91,69,58,12,17,1,1,12,1,107,79,56,14,17,7,10,2,9665,3,7450
1775,2015-540,Wimbledon,Grass,128,G,20150629,127,104925,1,,Novak Djokovic,R,188,SRB,28.1,103819,2,,Roger Federer,R,185,SUI,33.8,7-6(1) 6-7(10) 6-4 6-3,5,F,176,13,1,145,95,70,30,21,6,7,14,3,141,94,70,23,22,6,10,1,13845,2,9665
1765,2016-540,Wimbledon,Grass,128,G,20160627,224,105683,6,,Milos Raonic,R,196,CAN,25.5,103819,3,,Roger Federer,R,185,SUI,34.8,6-3 6-7(3) 4-6 7-5 6-3,5,SF,204,23,11,167,113,94,25,26,8,9,16,5,160,98,80,32,26,5,8,7,3175,3,6425
1766,2016-540,Wimbledon,Grass,128,G,20160627,225,104918,2,,Andy Murray,R,191,GBR,29.1,104607,10,,Tomas Berdych,R,196,CZE,30.7,6-3 6-3 6-3,5,SF,117,7,2,88,57,44,17,14,2,3,5,1,73,46,32,10,13,5,10,2,8915,9,2950
1767,2016-540,Wimbledon,Grass,128,G,20160627,226,104918,2,,Andy Murray,R,191,GBR,29.1,105683,6,,Milos Raonic,R,196,CAN,25.5,6-4 7-6(3) 7-6(2),5,F,168,7,2,103,69,60,19,17,2,2,8,1,114,73,49,29,17,6,7,2,8915,7,3175
1846,2017-540,Wimbledon,Grass,128,G,20170703,224,105227,7,,Marin Cilic,R,198,CRO,28.7,105023,24,,Sam Querrey,R,198,USA,29.7,6-7(6) 6-4 7-6(3) 7-5,5,SF,176,25,1,120,78,69,28,23,1,3,13,3,151,97,72,26,23,10,14,6,4235,28,1495
1847,2017-540,Wimbledon,Grass,128,G,20170703,225,103819,3,,Roger Federer,R,185,SUI,35.9,104607,11,,Tomas Berdych,R,196,CZE,31.7,7-6(4) 7-6(4) 6-4,5,SF,138,13,4,105,70,59,21,17,5,6,9,0,128,79,54,28,17,7,9,5,5265,15,2570
1848,2017-540,Wimbledon,Grass,128,G,20170703,226,103819,3,,Roger Federer,R,185,SUI,35.9,105227,7,,Marin Cilic,R,198,CRO,28.7,6-3 6-1 6-4,5,F,101,8,2,70,53,43,12,13,1,1,5,3,90,54,35,14,13,5,10,5,5265,6,4235
1837,2018-540,Wimbledon,Grass,128,G,20180702,224,104731,8,,Kevin Anderson,R,203,RSA,32.1,104545,9,,John Isner,R,208,USA,33.1,7-6(6) 6-7(5) 6-7(9) 6-4 26-24,5,SF,396,49,4,278,198,166,47,49,3,5,53,6,291,218,171,35,50,7,11,8,3635,10,3045
1838,2018-540,Wimbledon,Grass,128,G,20180702,225,104925,12,,Novak Djokovic,R,188,SRB,31.1,104745,2,,Rafael Nadal,L,185,ESP,32,6-4 3-6 7-6(9) 3-6 10-8,5,SF,315,23,4,176,125,95,24,29,7,11,9,4,210,150,100,34,30,15,19,21,1715,1,8770
1839,2018-540,Wimbledon,Grass,128,G,20180702,226,104925,12,,Novak Djokovic,R,188,SRB,31.1,104731,8,,Kevin Anderson,R,203,RSA,32.1,6-2 6-2 7-6(3),5,F,139,6,4,94,68,52,17,15,7,7,10,5,80,49,34,15,14,0,4,21,1715,8,3635
1626,2019-540,Wimbledon,Grass,128,G,20190701,224,104925,1,,Novak Djokovic,R,188,SRB,32.1,105138,23,,Roberto Bautista Agut,R,183,ESP,31.2,6-2 4-6 6-3 6-2,5,SF,169,9,3,115,74,57,21,18,4,5,5,2,106,71,48,17,17,3,8,1,12415,22,1600
1627,2019-540,Wimbledon,Grass,128,G,20190701,225,103819,2,,Roger Federer,R,185,SUI,37.8,104745,3,,Rafael Nadal,L,185,ESP,33,7-6(3) 1-6 6-3 6-4,5,SF,182,14,1,116,79,58,23,19,6,8,10,4,127,81,60,22,20,8,10,3,6620,2,7945
1628,2019-540,Wimbledon,Grass,128,G,20190701,226,104925,1,,Novak Djokovic,R,188,SRB,32.1,103819,2,,Roger Federer,R,185,SUI,37.8,7-6(5) 1-6 7-6(4) 4-6 13-12(3),5,F,297,10,9,219,136,101,39,34,6,13,25,6,203,127,100,39,34,5,8,1,12415,3,6620
1676,2021-540,Wimbledon,Grass,128,G,20210628,224,104925,1,,Novak Djokovic,R,188,SRB,34.1,133430,10,,Denis Shapovalov,L,185,CAN,22.2,7-6(3) 7-5 7-5,5,SF,164,8,5,112,68,55,25,18,10,11,5,6,108,72,57,15,19,7,10,1,12113,12,2915
1677,2021-540,Wimbledon,Grass,128,G,20210628,225,126610,7,,Matteo Berrettini,R,196,ITA,25.2,128034,14,,Hubert Hurkacz,R,196,POL,24.3,6-3 6-0 6-7(3) 6-4,5,SF,157,22,1,103,65,56,23,18,2,2,5,1,121,69,47,26,20,4,10,9,4468,18,2533
1678,2021-540,Wimbledon,Grass,128,G,20210628,226,104925,1,,Novak Djokovic,R,188,SRB,34.1,126610,7,,Matteo Berrettini,R,196,ITA,25.2,6-7(4) 6-4 6-4 6-3,5,F,204,5,4,122,75,59,25,20,5,7,16,3,154,91,69,24,22,9,15,1,12113,9,4468
1668,2022-540,Wimbledon,Grass,128,G,20220627,224,104925,1,,Novak Djokovic,R,188,SRB,35,111815,9,,Cameron Norrie,L,188,GBR,26.8,2-6 6-3 6-2 6-4,5,SF,155,13,1,88,57,47,18,18,1,4,7,3,114,65,46,20,17,9,14,3,6770,12,3200
1669,2022-540,Wimbledon,Grass,128,G,20220627,225,106401,,,Nick Kyrgios,R,193,AUS,27.1,104745,2,,Rafael Nadal,L,185,ESP,36,W/O,5,SF,,,,,,,,,,,,,,,,,,,,40,1070,4,6525
1670,2022-540,Wimbledon,Grass,128,G,20220627,226,104925,1,,Novak Djokovic,R,188,SRB,35,106401,,,Nick Kyrgios,R,193,AUS,27.1,4-6 6-3 6-4 7-6(3),5,F,181,15,7,119,75,62,27,22,5,6,30,7,125,91,64,18,20,2,4,3,6770,40,1070
1719,2023-540,Wimbledon,Grass,128,G,20230703,224,207989,1,,Carlos Alcaraz,R,183,ESP,20.1,106421,3,,Daniil Medvedev,R,198,RUS,27.3,6-3 6-3 6-3,5,SF,110,4,3,79,56,41,13,14,2,4,5,4,80,47,33,10,13,8,14,1,7675,3,5890
1720,2023-540,Wimbledon,Grass,128,G,20230703,225,104925,2,,Novak Djokovic,R,188,SRB,36.1,206173,8,,Jannik Sinner,R,191,ITA,21.8,6-3 6-4 7-6(4),5,SF,167,11,0,112,65,49,28,17,6,6,8,3,90,54,41,20,15,7,9,2,7595,8,3345
1721,2023-540,Wimbledon,Grass,128,G,20230703,226,207989,1,,Carlos Alcaraz,R,183,ESP,20.1,104925,2,,Novak Djokovic,R,188,SRB,36.1,1-6 7-6(6) 6-1 3-6 6-4,5,F,283,9,7,150,94,66,28,22,10,15,2,3,184,118,73,37,24,14,19,1,7675,2,7595
1723,2024-540,Wimbledon,Grass,128,G,20240701,224,207989,3,,Carlos Alcaraz,R,183,ESP,21.1,106421,5,,Daniil Medvedev,R,198,RUS,28.3,6-7(1) 6-3 6-4 6-4,5,SF,175,6,2,113,64,47,30,21,0,3,5,6,131,90,59,22,20,9,15,3,8130,5,6445
1724,2024-540,Wimbledon,Grass,128,G,20240701,225,104925,2,,Novak Djokovic,R,188,SRB,37.1,207518,25,,Lorenzo Musetti,R,185,ITA,22.3,6-4 7-6(2) 6-4,5,SF,168,6,4,103,69,52,15,16,2,4,2,1,111,82,50,12,16,9,13,2,8360,25,1620
1725,2024-540,Wimbledon,Grass,128,G,20240701,226,207989,3,,Carlos Alcaraz,R,183,ESP,21.1,104925,2,,Novak Djokovic,R,188,SRB,37.1,6-2 6-2 7-6(4),5,F,147,5,6,95,56,47,20,14,2,3,8,4,101,71,47,12,14,9,14,3,8130,2,8360
,tourney_id,tourney_name,surface,draw_size,tourney_level,tourney_date,match_num,winner_id,winner_seed,winner_entry,winner_name,winner_hand,winner_ht,winner_ioc,winner_age,loser_id,loser_seed,loser_entry,loser_name,loser_hand,loser_ht,loser_ioc,loser_age,score,best_of,round,minutes,w_ace,w_df,w_svpt,w_1stIn,w_1stWon,w_2ndWon,w_SvGms,w_bpSaved,w_bpFaced,l_ace,l_df,l_svpt,l_1stIn,l_1stWon,l_2ndWon,l_SvGms,l_bpSaved,l_bpFaced,winner_rank,winner_rank_points,loser_rank,loser_rank_points
2381,2000-540,Wimbledon,Grass,128,G,20000626,125,101948,1.0,,Pete Sampras,R,185.0,USA,28.8,103166,,Q,Vladimir Voltchkov,R,180.0,BLR,22.2,7-6(4) 6-2 6-4,5,SF,99.0,12.0,6.0,76.0,44.0,41.0,23.0,15.0,0.0,0.0,9.0,6.0,95.0,58.0,42.0,19.0,15.0,4.0,7.0,3.0,3261.0,237.0,140.0
2382,2000-540,Wimbledon,Grass,128,G,20000626,126,102158,12.0,,Patrick Rafter,R,185.0,AUS,27.4,101736,2.0,,Andre Agassi,R,180.0,USA,30.1,7-5 4-6 7-5 4-6 6-3,5,SF,198.0,14.0,7.0,167.0,103.0,71.0,38.0,27.0,5.0,9.0,6.0,7.0,152.0,96.0,67.0,32.0,26.0,7.0,12.0,21.0,1165.0,1.0,4375.0
2383,2000-540,Wimbledon,Grass,128,G,20000626,127,101948,1.0,,Pete Sampras,R,185.0,USA,28.8,102158,12.0,,Patrick Rafter,R,185.0,AUS,27.4,6-7(10) 7-6(5) 6-4 6-2,5,F,178.0,24.0,12.0,132.0,84.0,74.0,27.0,21.0,2.0,2.0,10.0,7.0,167.0,97.0,73.0,34.0,21.0,11.0,14.0,3.0,3261.0,21.0,1165.0
2412,2001-540,Wimbledon,Grass,128,G,20010625,125,101964,,WC,Goran Ivanisevic,L,193.0,CRO,29.7,102450,6.0,,Tim Henman,R,185.0,GBR,26.8,7-5 6-7(6) 0-6 7-6(5) 6-3,5,SF,182.0,35.0,12.0,172.0,107.0,86.0,29.0,26.0,6.0,9.0,7.0,7.0,154.0,97.0,75.0,36.0,25.0,4.0,6.0,125.0,321.0,11.0,1995.0
2413,2001-540,Wimbledon,Grass,128,G,20010625,126,102158,3.0,,Patrick Rafter,R,185.0,AUS,28.4,101736,2.0,,Andre Agassi,R,180.0,USA,31.1,2-6 6-3 3-6 6-2 8-6,5,SF,180.0,30.0,9.0,161.0,98.0,74.0,29.0,24.0,11.0,15.0,6.0,1.0,132.0,85.0,55.0,32.0,24.0,4.0,9.0,10.0,2120.0,2.0,3795.0
2414,2001-540,Wimbledon,Grass,128,G,20010625,127,101964,,WC,Goran Ivanisevic,L,193.0,CRO,29.7,102158,3.0,,Patrick Rafter,R,185.0,AUS,28.4,6-3 3-6 6-3 2-6 9-7,5,F,182.0,27.0,15.0,164.0,91.0,74.0,37.0,26.0,3.0,6.0,13.0,4.0,139.0,88.0,68.0,29.0,25.0,3.0,6.0,125.0,321.0,10.0,2120.0
2334,2002-540,Wimbledon,Grass,128,G,20020624,125,103720,1.0,,Lleyton Hewitt,R,180.0,AUS,21.3,102450,4.0,,Tim Henman,R,185.0,GBR,27.7,7-5 6-1 7-5,5,SF,139.0,4.0,2.0,90.0,49.0,36.0,27.0,16.0,3.0,5.0,2.0,1.0,93.0,60.0,40.0,12.0,15.0,9.0,15.0,1.0,4260.0,5.0,2605.0
2335,2002-540,Wimbledon,Grass,128,G,20020624,126,103900,28.0,,David Nalbandian,R,180.0,ARG,20.4,103598,27.0,,Xavier Malisse,R,185.0,BEL,21.9,7-6(2) 6-4 1-6 2-6 6-2,5,SF,198.0,1.0,2.0,144.0,85.0,56.0,32.0,22.0,11.0,17.0,25.0,7.0,168.0,84.0,59.0,35.0,23.0,13.0,18.0,32.0,1084.0,35.0,985.0
2336,2002-540,Wimbledon,Grass,128,G,20020624,127,103720,1.0,,Lleyton Hewitt,R,180.0,AUS,21.3,103900,28.0,,David Nalbandian,R,180.0,ARG,20.4,6-1 6-3 6-2,5,F,116.0,5.0,2.0,79.0,42.0,33.0,18.0,12.0,8.0,10.0,2.0,7.0,89.0,51.0,27.0,12.0,12.0,12.0,20.0,1.0,4260.0,32.0,1084.0
2341,2003-540,Wimbledon,Grass,128,G,20030623,125,103819,4.0,,Roger Federer,R,185.0,SUI,21.8,104053,5.0,,Andy Roddick,R,188.0,USA,20.8,7-6(6) 6-3 6-3,5,SF,103.0,17.0,0.0,84.0,51.0,42.0,25.0,15.0,2.0,2.0,4.0,0.0,99.0,57.0,42.0,21.0,15.0,5.0,8.0,5.0,2580.0,6.0,2390.0
2342,2003-540,Wimbledon,Grass,128,G,20030623,126,102882,,,Mark Philippoussis,R,196.0,AUS,26.6,103206,13.0,,Sebastien Grosjean,R,175.0,FRA,25.0,7-6(3) 6-3 6-3,5,SF,116.0,11.0,3.0,85.0,47.0,42.0,24.0,15.0,2.0,2.0,5.0,3.0,89.0,47.0,35.0,24.0,15.0,5.0,8.0,48.0,735.0,14.0,1500.0
2343,2003-540,Wimbledon,Grass,128,G,20030623,127,103819,4.0,,Roger Federer,R,185.0,SUI,21.8,102882,,,Mark Philippoussis,R,196.0,AUS,26.6,7-6(5) 6-2 7-6(3),5,F,116.0,21.0,2.0,93.0,53.0,47.0,27.0,16.0,0.0,0.0,14.0,4.0,102.0,70.0,54.0,14.0,16.0,3.0,5.0,5.0,2580.0,48.0,735.0
2326,2004-540,Wimbledon,Grass,128,G,20040621,125,103819,1.0,,Roger Federer,R,185.0,SUI,22.8,103206,10.0,,Sebastien Grosjean,R,175.0,FRA,26.0,6-2 6-3 7-6(6),5,SF,120.0,6.0,3.0,91.0,54.0,41.0,20.0,14.0,1.0,2.0,2.0,2.0,106.0,62.0,39.0,17.0,15.0,6.0,11.0,1.0,5610.0,13.0,1665.0
2327,2004-540,Wimbledon,Grass,128,G,20040621,126,104053,2.0,,Andy Roddick,R,188.0,USA,21.8,104339,,,Mario Ancic,R,196.0,CRO,20.2,6-4 4-6 7-5 7-5,5,SF,171.0,11.0,8.0,145.0,79.0,63.0,33.0,22.0,9.0,11.0,12.0,6.0,140.0,85.0,62.0,28.0,22.0,8.0,12.0,2.0,4695.0,63.0,626.0
2328,2004-540,Wimbledon,Grass,128,G,20040621,127,103819,1.0,,Roger Federer,R,185.0,SUI,22.8,104053,2.0,,Andy Roddick,R,188.0,USA,21.8,4-6 7-5 7-6(3) 6-4,5,F,151.0,12.0,3.0,154.0,95.0,64.0,34.0,22.0,10.0,14.0,11.0,5.0,133.0,81.0,60.0,21.0,22.0,5.0,10.0,1.0,5610.0,2.0,4695.0
2358,2005-540,Wimbledon,Grass,128,G,20050620,125,103819,1.0,,Roger Federer,R,185.0,SUI,23.8,103720,3.0,,Lleyton Hewitt,R,180.0,AUS,24.3,6-3 6-4 7-6(4),5,SF,128.0,10.0,3.0,94.0,49.0,42.0,26.0,16.0,0.0,1.0,5.0,4.0,102.0,47.0,35.0,31.0,15.0,5.0,8.0,1.0,6980.0,2.0,3640.0
2359,2005-540,Wimbledon,Grass,128,G,20050620,126,104053,2.0,,Andy Roddick,R,188.0,USA,22.8,102563,12.0,,Thomas Johansson,R,180.0,SWE,30.2,6-7(6) 6-2 7-6(10) 7-6(5),5,SF,179.0,19.0,0.0,143.0,107.0,84.0,26.0,22.0,3.0,4.0,19.0,2.0,155.0,89.0,69.0,35.0,22.0,2.0,5.0,4.0,3590.0,22.0,1313.0
2360,2005-540,Wimbledon,Grass,128,G,20050620,127,103819,1.0,,Roger Federer,R,185.0,SUI,23.8,104053,2.0,,Andy Roddick,R,188.0,USA,22.8,6-2 7-6(2) 6-4,5,F,101.0,12.0,0.0,79.0,49.0,40.0,22.0,15.0,1.0,2.0,7.0,1.0,96.0,68.0,46.0,11.0,15.0,5.0,9.0,1.0,6980.0,4.0,3590.0
2389,2006-540,Wimbledon,Grass,128,G,20060626,125,103819,1.0,,Roger Federer,R,185.0,SUI,24.8,102035,,,Jonas Bjorkman,R,183.0,SWE,34.2,6-2 6-0 6-2,5,SF,77.0,9.0,0.0,59.0,43.0,36.0,10.0,11.0,0.0,0.0,3.0,2.0,64.0,39.0,20.0,10.0,11.0,2.0,9.0,1.0,7260.0,59.0,638.0
2390,2006-540,Wimbledon,Grass,128,G,20060626,126,104745,2.0,,Rafael Nadal,L,185.0,ESP,20.0,104571,18.0,,Marcos Baghdatis,R,183.0,CYP,21.0,6-1 7-5 6-3,5,SF,147.0,4.0,0.0,103.0,75.0,52.0,16.0,14.0,9.0,9.0,3.0,2.0,89.0,49.0,32.0,19.0,14.0,6.0,11.0,2.0,4545.0,16.0,1494.0
2391,2006-540,Wimbledon,Grass,128,G,20060626,127,103819,1.0,,Roger Federer,R,185.0,SUI,24.8,104745,2.0,,Rafael Nadal,L,185.0,ESP,20.0,6-0 7-6(5) 6-7(2) 6-3,5,F,178.0,13.0,1.0,119.0,83.0,64.0,20.0,20.0,1.0,3.0,9.0,3.0,127.0,94.0,64.0,14.0,19.0,4.0,10.0,1.0,7260.0,2.0,4545.0
2287,2007-540,Wimbledon,Grass,128,G,20070625,125,103819,1.0,,Roger Federer,R,185.0,SUI,25.8,104755,12.0,,Richard Gasquet,R,185.0,FRA,21.0,7-5 6-3 6-4,5,SF,104.0,20.0,0.0,90.0,64.0,50.0,17.0,16.0,3.0,3.0,4.0,1.0,89.0,56.0,37.0,20.0,15.0,1.0,4.0,1.0,7290.0,14.0,1775.0
2288,2007-540,Wimbledon,Grass,128,G,20070625,126,104745,2.0,,Rafael Nadal,L,185.0,ESP,21.0,104925,4.0,,Novak Djokovic,R,188.0,SRB,20.0,3-6 6-1 4-1 RET,5,SF,101.0,4.0,0.0,55.0,32.0,25.0,13.0,10.0,1.0,2.0,7.0,2.0,77.0,50.0,33.0,11.0,11.0,6.0,10.0,2.0,5225.0,5.0,3010.0
2289,2007-540,Wimbledon,Grass,128,G,20070625,127,103819,1.0,,Roger Federer,R,185.0,SUI,25.8,104745,2.0,,Rafael Nadal,L,185.0,ESP,21.0,7-6(7) 4-6 7-6(3) 2-6 6-2,5,F,225.0,24.0,3.0,156.0,111.0,79.0,28.0,25.0,7.0,11.0,1.0,2.0,167.0,118.0,81.0,28.0,25.0,5.0,8.0,1.0,7290.0,2.0,5225.0
2181,2008-540,Wimbledon,Grass,128,G,20080623,125,103819,1.0,,Roger Federer,R,185.0,SUI,26.8,103498,,,Marat Safin,R,193.0,RUS,28.4,6-3 7-6(3) 6-4,5,SF,103.0,15.0,0.0,90.0,60.0,46.0,24.0,16.0,2.0,2.0,13.0,0.0,93.0,62.0,46.0,17.0,15.0,3.0,5.0,1.0,6900.0,75.0,530.0
2182,2008-540,Wimbledon,Grass,128,G,20080623,126,104745,2.0,,Rafael Nadal,L,185.0,ESP,22.0,102783,,,Rainer Schuettler,R,180.0,GER,32.1,6-1 7-6(3) 6-4,5,SF,122.0,6.0,1.0,75.0,60.0,49.0,10.0,14.0,1.0,2.0,3.0,0.0,89.0,60.0,39.0,13.0,15.0,7.0,12.0,2.0,5755.0,94.0,472.0
2183,2008-540,Wimbledon,Grass,128,G,20080623,127,104745,2.0,,Rafael Nadal,L,185.0,ESP,22.0,103819,1.0,,Roger Federer,R,185.0,SUI,26.8,6-4 6-4 6-7(5) 6-7(8) 9-7,5,F,288.0,6.0,3.0,218.0,160.0,111.0,34.0,30.0,12.0,13.0,25.0,2.0,195.0,127.0,92.0,39.0,30.0,9.0,13.0,2.0,5755.0,1.0,6900.0
2184,2009-540,Wimbledon,Grass,128,G,20090622,125,104053,6.0,,Andy Roddick,R,188.0,USA,26.8,104918,3.0,,Andy Murray,R,190.0,GBR,22.1,6-4 4-6 7-6(7) 7-6(5),5,SF,187.0,21.0,1.0,137.0,102.0,79.0,18.0,22.0,5.0,7.0,25.0,5.0,146.0,75.0,62.0,38.0,22.0,3.0,5.0,6.0,4310.0,3.0,9230.0
2185,2009-540,Wimbledon,Grass,128,G,20090622,126,103819,2.0,,Roger Federer,R,185.0,SUI,27.8,103163,24.0,,Tommy Haas,R,188.0,GER,31.2,7-6(3) 7-5 6-3,5,SF,123.0,11.0,1.0,83.0,62.0,55.0,17.0,17.0,0.0,0.0,11.0,5.0,110.0,72.0,53.0,17.0,16.0,6.0,8.0,2.0,10620.0,34.0,1405.0
2186,2009-540,Wimbledon,Grass,128,G,20090622,127,103819,2.0,,Roger Federer,R,185.0,SUI,27.8,104053,6.0,,Andy Roddick,R,188.0,USA,26.8,5-7 7-6(6) 7-6(5) 3-6 16-14,5,F,256.0,50.0,4.0,197.0,127.0,113.0,42.0,37.0,3.0,5.0,27.0,4.0,239.0,169.0,140.0,31.0,38.0,6.0,7.0,2.0,10620.0,6.0,4310.0
1795,2010-540,Wimbledon,Grass,128,G,20100621,125,104607,12.0,,Tomas Berdych,R,196.0,CZE,24.7,104925,3.0,,Novak Djokovic,R,188.0,SRB,23.0,6-3 7-6(9) 6-3,5,SF,138.0,11.0,2.0,102.0,58.0,47.0,28.0,16.0,3.0,4.0,9.0,8.0,88.0,64.0,47.0,10.0,14.0,4.0,7.0,13.0,2825.0,3.0,6545.0
1796,2010-540,Wimbledon,Grass,128,G,20100621,126,104745,2.0,,Rafael Nadal,L,185.0,ESP,24.0,104918,4.0,,Andy Murray,R,190.0,GBR,23.1,6-4 7-6(6) 6-4,5,SF,142.0,4.0,2.0,97.0,68.0,53.0,17.0,16.0,2.0,3.0,15.0,2.0,92.0,55.0,43.0,21.0,16.0,1.0,4.0,1.0,8745.0,4.0,5155.0
1797,2010-540,Wimbledon,Grass,128,G,20100621,127,104745,2.0,,Rafael Nadal,L,185.0,ESP,24.0,104607,12.0,,Tomas Berdych,R,196.0,CZE,24.7,6-3 7-5 6-4,5,F,133.0,5.0,3.0,90.0,62.0,48.0,18.0,15.0,4.0,4.0,13.0,0.0,81.0,48.0,35.0,19.0,16.0,2.0,6.0,1.0,8745.0,13.0,2825.0
1766,2011-540,Wimbledon,Grass,128,G,20110620,125,104745,1.0,,Rafael Nadal,L,185.0,ESP,25.0,104918,4.0,,Andy Murray,R,191.0,GBR,24.0,5-7 6-2 6-2 6-4,5,SF,179.0,6.0,1.0,103.0,70.0,57.0,19.0,19.0,3.0,4.0,15.0,5.0,113.0,66.0,48.0,23.0,19.0,3.0,8.0,1.0,12070.0,4.0,6855.0
1767,2011-540,Wimbledon,Grass,128,G,20110620,126,104925,2.0,,Novak Djokovic,R,188.0,SRB,24.0,104542,12.0,,Jo-Wilfried Tsonga,R,188.0,FRA,26.1,7-6(4) 6-2 6-7(9) 6-3,5,SF,187.0,5.0,1.0,120.0,79.0,61.0,28.0,21.0,2.0,5.0,12.0,5.0,133.0,90.0,61.0,20.0,20.0,6.0,12.0,2.0,12005.0,19.0,1585.0
1768,2011-540,Wimbledon,Grass,128,G,20110620,127,104925,2.0,,Novak Djokovic,R,188.0,SRB,24.0,104745,1.0,,Rafael Nadal,L,185.0,ESP,25.0,6-4 6-1 1-6 6-3,5,F,148.0,7.0,1.0,95.0,69.0,50.0,14.0,17.0,3.0,6.0,5.0,1.0,82.0,64.0,43.0,8.0,16.0,1.0,6.0,2.0,12005.0,1.0,12070.0
1877,2012-540,Wimbledon,Grass,128,G,20120625,125,103819,3.0,,Roger Federer,R,185.0,SUI,30.8,104925,1.0,,Novak Djokovic,R,188.0,SRB,25.0,6-3 3-6 6-4 6-3,5,SF,139.0,12.0,0.0,101.0,65.0,49.0,26.0,19.0,2.0,3.0,9.0,2.0,115.0,73.0,52.0,24.0,18.0,8.0,11.0,3.0,9435.0,1.0,12280.0
1878,2012-540,Wimbledon,Grass,128,G,20120625,126,104918,4.0,,Andy Murray,R,191.0,GBR,25.1,104542,5.0,,Jo-Wilfried Tsonga,R,188.0,FRA,27.1,6-3 6-4 3-6 7-5,5,SF,167.0,9.0,2.0,111.0,67.0,50.0,28.0,20.0,6.0,8.0,11.0,2.0,135.0,85.0,64.0,16.0,20.0,8.0,12.0,4.0,6980.0,6.0,5230.0
1879,2012-540,Wimbledon,Grass,128,G,20120625,127,103819,3.0,,Roger Federer,R,185.0,SUI,30.8,104918,4.0,,Andy Murray,R,191.0,GBR,25.1,4-6 7-5 6-3 6-4,5,F,204.0,12.0,3.0,131.0,90.0,68.0,20.0,21.0,5.0,7.0,16.0,1.0,157.0,88.0,61.0,33.0,20.0,8.0,12.0,3.0,9435.0,4.0,6980.0
1830,2013-540,Wimbledon,Grass,128,G,20130624,125,104925,1.0,,Novak Djokovic,R,188.0,SRB,26.0,105223,8.0,,Juan Martin del Potro,R,198.0,ARG,24.7,7-5 4-6 7-6(2) 6-7(6) 6-3,5,SF,283.0,22.0,2.0,177.0,123.0,102.0,21.0,28.0,5.0,7.0,4.0,4.0,191.0,114.0,82.0,42.0,27.0,12.0,15.0,1.0,11830.0,8.0,3960.0
1831,2013-540,Wimbledon,Grass,128,G,20130624,126,104918,2.0,,Andy Murray,R,191.0,GBR,26.1,105668,24.0,,Jerzy Janowicz,R,203.0,POL,22.6,6-7(2) 6-4 6-4 6-3,5,SF,172.0,20.0,1.0,113.0,79.0,60.0,24.0,20.0,6.0,7.0,9.0,11.0,130.0,72.0,54.0,27.0,21.0,8.0,13.0,2.0,8560.0,22.0,1549.0
1832,2013-540,Wimbledon,Grass,128,G,20130624,127,104918,2.0,,Andy Murray,R,191.0,GBR,26.1,104925,1.0,,Novak Djokovic,R,188.0,SRB,26.0,6-4 7-5 6-4,5,F,189.0,9.0,2.0,105.0,67.0,48.0,16.0,16.0,9.0,13.0,4.0,4.0,105.0,68.0,40.0,15.0,16.0,10.0,17.0,2.0,8560.0,1.0,11830.0
1821,2014-540,Wimbledon,Grass,128,G,20140623,125,104925,1.0,,Novak Djokovic,R,188.0,SRB,27.0,105777,11.0,,Grigor Dimitrov,R,191.0,BUL,23.1,6-4 3-6 7-6(2) 7-6(7),5,SF,182.0,17.0,2.0,145.0,102.0,74.0,24.0,21.0,8.0,11.0,15.0,8.0,131.0,82.0,67.0,22.0,22.0,3.0,6.0,2.0,12330.0,13.0,2595.0
1822,2014-540,Wimbledon,Grass,128,G,20140623,126,103819,4.0,,Roger Federer,R,185.0,SUI,32.8,105683,8.0,,Milos Raonic,R,196.0,CAN,23.4,6-4 6-4 6-4,5,SF,101.0,6.0,1.0,80.0,52.0,42.0,19.0,15.0,1.0,1.0,17.0,4.0,84.0,46.0,37.0,19.0,15.0,4.0,7.0,4.0,4945.0,9.0,3245.0
1823,2014-540,Wimbledon,Grass,128,G,20140623,127,104925,1.0,,Novak Djokovic,R,188.0,SRB,27.0,103819,4.0,,Roger Federer,R,185.0,SUI,32.8,6-7(7) 6-4 7-6(4) 5-7 6-4,5,F,236.0,13.0,3.0,174.0,108.0,79.0,43.0,28.0,4.0,7.0,29.0,5.0,192.0,133.0,102.0,26.0,28.0,11.0,15.0,2.0,12330.0,4.0,4945.0
1773,2015-540,Wimbledon,Grass,128,G,20150629,125,104925,1.0,,Novak Djokovic,R,188.0,SRB,28.1,104755,21.0,,Richard Gasquet,R,183.0,FRA,29.0,7-6(2) 6-4 6-4,5,SF,,12.0,2.0,98.0,74.0,58.0,11.0,16.0,3.0,4.0,6.0,6.0,113.0,58.0,38.0,30.0,16.0,5.0,8.0,1.0,13845.0,20.0,1610.0
1774,2015-540,Wimbledon,Grass,128,G,20150629,126,103819,2.0,,Roger Federer,R,185.0,SUI,33.8,104918,3.0,,Andy Murray,R,191.0,GBR,28.1,7-5 7-5 6-4,5,SF,,20.0,1.0,91.0,69.0,58.0,12.0,17.0,1.0,1.0,12.0,1.0,107.0,79.0,56.0,14.0,17.0,7.0,10.0,2.0,9665.0,3.0,7450.0
1775,2015-540,Wimbledon,Grass,128,G,20150629,127,104925,1.0,,Novak Djokovic,R,188.0,SRB,28.1,103819,2.0,,Roger Federer,R,185.0,SUI,33.8,7-6(1) 6-7(10) 6-4 6-3,5,F,176.0,13.0,1.0,145.0,95.0,70.0,30.0,21.0,6.0,7.0,14.0,3.0,141.0,94.0,70.0,23.0,22.0,6.0,10.0,1.0,13845.0,2.0,9665.0
1765,2016-540,Wimbledon,Grass,128,G,20160627,224,105683,6.0,,Milos Raonic,R,196.0,CAN,25.5,103819,3.0,,Roger Federer,R,185.0,SUI,34.8,6-3 6-7(3) 4-6 7-5 6-3,5,SF,204.0,23.0,11.0,167.0,113.0,94.0,25.0,26.0,8.0,9.0,16.0,5.0,160.0,98.0,80.0,32.0,26.0,5.0,8.0,7.0,3175.0,3.0,6425.0
1766,2016-540,Wimbledon,Grass,128,G,20160627,225,104918,2.0,,Andy Murray,R,191.0,GBR,29.1,104607,10.0,,Tomas Berdych,R,196.0,CZE,30.7,6-3 6-3 6-3,5,SF,117.0,7.0,2.0,88.0,57.0,44.0,17.0,14.0,2.0,3.0,5.0,1.0,73.0,46.0,32.0,10.0,13.0,5.0,10.0,2.0,8915.0,9.0,2950.0
1767,2016-540,Wimbledon,Grass,128,G,20160627,226,104918,2.0,,Andy Murray,R,191.0,GBR,29.1,105683,6.0,,Milos Raonic,R,196.0,CAN,25.5,6-4 7-6(3) 7-6(2),5,F,168.0,7.0,2.0,103.0,69.0,60.0,19.0,17.0,2.0,2.0,8.0,1.0,114.0,73.0,49.0,29.0,17.0,6.0,7.0,2.0,8915.0,7.0,3175.0
1846,2017-540,Wimbledon,Grass,128,G,20170703,224,105227,7.0,,Marin Cilic,R,198.0,CRO,28.7,105023,24.0,,Sam Querrey,R,198.0,USA,29.7,6-7(6) 6-4 7-6(3) 7-5,5,SF,176.0,25.0,1.0,120.0,78.0,69.0,28.0,23.0,1.0,3.0,13.0,3.0,151.0,97.0,72.0,26.0,23.0,10.0,14.0,6.0,4235.0,28.0,1495.0
1847,2017-540,Wimbledon,Grass,128,G,20170703,225,103819,3.0,,Roger Federer,R,185.0,SUI,35.9,104607,11.0,,Tomas Berdych,R,196.0,CZE,31.7,7-6(4) 7-6(4) 6-4,5,SF,138.0,13.0,4.0,105.0,70.0,59.0,21.0,17.0,5.0,6.0,9.0,0.0,128.0,79.0,54.0,28.0,17.0,7.0,9.0,5.0,5265.0,15.0,2570.0
1848,2017-540,Wimbledon,Grass,128,G,20170703,226,103819,3.0,,Roger Federer,R,185.0,SUI,35.9,105227,7.0,,Marin Cilic,R,198.0,CRO,28.7,6-3 6-1 6-4,5,F,101.0,8.0,2.0,70.0,53.0,43.0,12.0,13.0,1.0,1.0,5.0,3.0,90.0,54.0,35.0,14.0,13.0,5.0,10.0,5.0,5265.0,6.0,4235.0
1837,2018-540,Wimbledon,Grass,128,G,20180702,224,104731,8.0,,Kevin Anderson,R,203.0,RSA,32.1,104545,9.0,,John Isner,R,208.0,USA,33.1,7-6(6) 6-7(5) 6-7(9) 6-4 26-24,5,SF,396.0,49.0,4.0,278.0,198.0,166.0,47.0,49.0,3.0,5.0,53.0,6.0,291.0,218.0,171.0,35.0,50.0,7.0,11.0,8.0,3635.0,10.0,3045.0
1838,2018-540,Wimbledon,Grass,128,G,20180702,225,104925,12.0,,Novak Djokovic,R,188.0,SRB,31.1,104745,2.0,,Rafael Nadal,L,185.0,ESP,32.0,6-4 3-6 7-6(9) 3-6 10-8,5,SF,315.0,23.0,4.0,176.0,125.0,95.0,24.0,29.0,7.0,11.0,9.0,4.0,210.0,150.0,100.0,34.0,30.0,15.0,19.0,21.0,1715.0,1.0,8770.0
1839,2018-540,Wimbledon,Grass,128,G,20180702,226,104925,12.0,,Novak Djokovic,R,188.0,SRB,31.1,104731,8.0,,Kevin Anderson,R,203.0,RSA,32.1,6-2 6-2 7-6(3),5,F,139.0,6.0,4.0,94.0,68.0,52.0,17.0,15.0,7.0,7.0,10.0,5.0,80.0,49.0,34.0,15.0,14.0,0.0,4.0,21.0,1715.0,8.0,3635.0
1626,2019-540,Wimbledon,Grass,128,G,20190701,224,104925,1.0,,Novak Djokovic,R,188.0,SRB,32.1,105138,23.0,,Roberto Bautista Agut,R,183.0,ESP,31.2,6-2 4-6 6-3 6-2,5,SF,169.0,9.0,3.0,115.0,74.0,57.0,21.0,18.0,4.0,5.0,5.0,2.0,106.0,71.0,48.0,17.0,17.0,3.0,8.0,1.0,12415.0,22.0,1600.0
1627,2019-540,Wimbledon,Grass,128,G,20190701,225,103819,2.0,,Roger Federer,R,185.0,SUI,37.8,104745,3.0,,Rafael Nadal,L,185.0,ESP,33.0,7-6(3) 1-6 6-3 6-4,5,SF,182.0,14.0,1.0,116.0,79.0,58.0,23.0,19.0,6.0,8.0,10.0,4.0,127.0,81.0,60.0,22.0,20.0,8.0,10.0,3.0,6620.0,2.0,7945.0
1628,2019-540,Wimbledon,Grass,128,G,20190701,226,104925,1.0,,Novak Djokovic,R,188.0,SRB,32.1,103819,2.0,,Roger Federer,R,185.0,SUI,37.8,7-6(5) 1-6 7-6(4) 4-6 13-12(3),5,F,297.0,10.0,9.0,219.0,136.0,101.0,39.0,34.0,6.0,13.0,25.0,6.0,203.0,127.0,100.0,39.0,34.0,5.0,8.0,1.0,12415.0,3.0,6620.0
1676,2021-540,Wimbledon,Grass,128,G,20210628,224,104925,1.0,,Novak Djokovic,R,188.0,SRB,34.1,133430,10.0,,Denis Shapovalov,L,185.0,CAN,22.2,7-6(3) 7-5 7-5,5,SF,164.0,8.0,5.0,112.0,68.0,55.0,25.0,18.0,10.0,11.0,5.0,6.0,108.0,72.0,57.0,15.0,19.0,7.0,10.0,1.0,12113.0,12.0,2915.0
1677,2021-540,Wimbledon,Grass,128,G,20210628,225,126610,7.0,,Matteo Berrettini,R,196.0,ITA,25.2,128034,14.0,,Hubert Hurkacz,R,196.0,POL,24.3,6-3 6-0 6-7(3) 6-4,5,SF,157.0,22.0,1.0,103.0,65.0,56.0,23.0,18.0,2.0,2.0,5.0,1.0,121.0,69.0,47.0,26.0,20.0,4.0,10.0,9.0,4468.0,18.0,2533.0
1678,2021-540,Wimbledon,Grass,128,G,20210628,226,104925,1.0,,Novak Djokovic,R,188.0,SRB,34.1,126610,7.0,,Matteo Berrettini,R,196.0,ITA,25.2,6-7(4) 6-4 6-4 6-3,5,F,204.0,5.0,4.0,122.0,75.0,59.0,25.0,20.0,5.0,7.0,16.0,3.0,154.0,91.0,69.0,24.0,22.0,9.0,15.0,1.0,12113.0,9.0,4468.0
1668,2022-540,Wimbledon,Grass,128,G,20220627,224,104925,1.0,,Novak Djokovic,R,188.0,SRB,35.0,111815,9.0,,Cameron Norrie,L,188.0,GBR,26.8,2-6 6-3 6-2 6-4,5,SF,155.0,13.0,1.0,88.0,57.0,47.0,18.0,18.0,1.0,4.0,7.0,3.0,114.0,65.0,46.0,20.0,17.0,9.0,14.0,3.0,6770.0,12.0,3200.0
1669,2022-540,Wimbledon,Grass,128,G,20220627,225,106401,,,Nick Kyrgios,R,193.0,AUS,27.1,104745,2.0,,Rafael Nadal,L,185.0,ESP,36.0,W/O,5,SF,,,,,,,,,,,,,,,,,,,,40.0,1070.0,4.0,6525.0
1670,2022-540,Wimbledon,Grass,128,G,20220627,226,104925,1.0,,Novak Djokovic,R,188.0,SRB,35.0,106401,,,Nick Kyrgios,R,193.0,AUS,27.1,4-6 6-3 6-4 7-6(3),5,F,181.0,15.0,7.0,119.0,75.0,62.0,27.0,22.0,5.0,6.0,30.0,7.0,125.0,91.0,64.0,18.0,20.0,2.0,4.0,3.0,6770.0,40.0,1070.0
1719,2023-540,Wimbledon,Grass,128,G,20230703,224,207989,1.0,,Carlos Alcaraz,R,183.0,ESP,20.1,106421,3.0,,Daniil Medvedev,R,198.0,RUS,27.3,6-3 6-3 6-3,5,SF,110.0,4.0,3.0,79.0,56.0,41.0,13.0,14.0,2.0,4.0,5.0,4.0,80.0,47.0,33.0,10.0,13.0,8.0,14.0,1.0,7675.0,3.0,5890.0
1720,2023-540,Wimbledon,Grass,128,G,20230703,225,104925,2.0,,Novak Djokovic,R,188.0,SRB,36.1,206173,8.0,,Jannik Sinner,R,191.0,ITA,21.8,6-3 6-4 7-6(4),5,SF,167.0,11.0,0.0,112.0,65.0,49.0,28.0,17.0,6.0,6.0,8.0,3.0,90.0,54.0,41.0,20.0,15.0,7.0,9.0,2.0,7595.0,8.0,3345.0
1721,2023-540,Wimbledon,Grass,128,G,20230703,226,207989,1.0,,Carlos Alcaraz,R,183.0,ESP,20.1,104925,2.0,,Novak Djokovic,R,188.0,SRB,36.1,1-6 7-6(6) 6-1 3-6 6-4,5,F,283.0,9.0,7.0,150.0,94.0,66.0,28.0,22.0,10.0,15.0,2.0,3.0,184.0,118.0,73.0,37.0,24.0,14.0,19.0,1.0,7675.0,2.0,7595.0
1723,2024-540,Wimbledon,Grass,128,G,20240701,224,207989,3.0,,Carlos Alcaraz,R,183.0,ESP,21.1,106421,5.0,,Daniil Medvedev,R,198.0,RUS,28.3,6-7(1) 6-3 6-4 6-4,5,SF,175.0,6.0,2.0,113.0,64.0,47.0,30.0,21.0,0.0,3.0,5.0,6.0,131.0,90.0,59.0,22.0,20.0,9.0,15.0,3.0,8130.0,5.0,6445.0
1724,2024-540,Wimbledon,Grass,128,G,20240701,225,104925,2.0,,Novak Djokovic,R,188.0,SRB,37.1,207518,25.0,,Lorenzo Musetti,R,185.0,ITA,22.3,6-4 7-6(2) 6-4,5,SF,168.0,6.0,4.0,103.0,69.0,52.0,15.0,16.0,2.0,4.0,2.0,1.0,111.0,82.0,50.0,12.0,16.0,9.0,13.0,2.0,8360.0,25.0,1620.0
1725,2024-540,Wimbledon,Grass,128,G,20240701,226,207989,3.0,,Carlos Alcaraz,R,183.0,ESP,21.1,104925,2.0,,Novak Djokovic,R,188.0,SRB,37.1,6-2 6-2 7-6(4),5,F,147.0,5.0,6.0,95.0,56.0,47.0,20.0,14.0,2.0,3.0,8.0,4.0,101.0,71.0,47.0,12.0,14.0,9.0,14.0,3.0,8130.0,2.0,8360.0
